<?xml version="1.0" encoding="UTF-8"?>
<project-private xmlns="http://www.netbeans.org/ns/project-private/1">
    <data xmlns="http://www.netbeans.org/ns/make-project-private/1">
        <activeConfTypeElem>1</activeConfTypeElem>
        <activeConfIndexElem>0</activeConfIndexElem>
    </data>
    <editor-bookmarks xmlns="http://www.netbeans.org/ns/editor-bookmarks/2" lastBookmarkId="0"/>
    <open-files xmlns="http://www.netbeans.org/ns/projectui-open-files/2">
        <group>
            <file>file:/Users/mac/School/Spring2022/CIS17C/TembladorJose_CIS_17C_43484/Proj2_V3_Final/Cards.h</file>
            <file>file:/Users/mac/School/Spring2022/CIS17C/TembladorJose_CIS_17C_43484/Proj2_V3_Final/CopyClass.h</file>
            <file>file:/Users/mac/School/Spring2022/CIS17C/TembladorJose_CIS_17C_43484/Proj2_V3_Final/User.h</file>
            <file>file:/Users/mac/School/Spring2022/CIS17C/TembladorJose_CIS_17C_43484/Proj2_V3_Final/main.cpp</file>
            <file>file:/Users/mac/School/Spring2022/CIS17C/TembladorJose_CIS_17C_43484/Proj2_V3_Final/Players.h</file>
        </group>
    </open-files>
</project-private>
